Order ID,CustomerName,State,City
B-25601,Bharat,Gujarat,Ahmedabad
B-25602,Pearl,Maharashtra,Pune
B-25603,Jahan,Madhya Pradesh,Bhopal
B-25604,Divsha,Rajasthan,Jaipur
B-25605,Kasheen,West Bengal,Kolkata
B-25606,Hazel,Karnataka,Bangalore
B-25607,Sonakshi,Jammu and Kashmir,Kashmir
B-25608,Aarushi,Tamil Nadu,Chennai
B-25609,Jitesh,Uttar Pradesh,Lucknow
B-25610,Yogesh,Bihar,Patna
B-25611,Anita,Kerala ,Thiruvananthapuram
B-25612,Shrichand,Punjab,Chandigarh
B-25613,Mukesh,Haryana,Chandigarh
B-25614,Vandana,Himachal Pradesh,Simla
B-25615,Bhavna,Sikkim,Gangtok
B-25616,Kanak,Goa,Goa
B-25617,Sagar,Nagaland,Kohima
B-25618,Manju,Andhra Pradesh,Hyderabad
B-25619,Ramesh,Gujarat,Ahmedabad
B-25620,Sarita,Maharashtra,Pune
B-25621,Deepak,Madhya Pradesh,Bhopal
B-25622,Monisha,Rajasthan,Jaipur
B-25623,Atharv,West Bengal,Kolkata
B-25624,Vini,Karnataka,Bangalore
B-25625,Pinky,Jammu and Kashmir,Kashmir
B-25626,Bhishm,Maharashtra,Mumbai
B-25627,Hitika,Madhya Pradesh,Indore
B-25628,Pooja,Bihar,Patna
B-25629,Hemant,Kerala ,Thiruvananthapuram
B-25630,Sahil,Punjab,Chandigarh
B-25631,Ritu,Haryana,Chandigarh
B-25632,Manish,Himachal Pradesh,Simla
B-25633,Amit,Sikkim,Gangtok
B-25634,Sanjay,Goa,Goa
B-25635,Nidhi,Nagaland,Kohima
B-25636,Nishi,Maharashtra,Mumbai
B-25637,Ashmi,Madhya Pradesh,Indore
B-25638,Parth,Maharashtra,Pune
B-25639,Lisha,Madhya Pradesh,Bhopal
B-25640,Paridhi,Rajasthan,Jaipur
B-25641,Parishi,West Bengal,Kolkata
B-25642,Ajay,Karnataka,Bangalore
B-25643,Kirti,Jammu and Kashmir,Kashmir
B-25644,Mayank,Maharashtra,Mumbai
B-25645,Yaanvi,Madhya Pradesh,Indore
B-25646,Sonal,Bihar,Patna
B-25647,Sharda,Kerala ,Thiruvananthapuram
B-25648,Aditya,Punjab,Chandigarh
B-25649,Rachna,Haryana,Chandigarh
B-25650,Chirag,Maharashtra,Mumbai
B-25651,Anurag,Madhya Pradesh,Indore
B-25652,Tushina,Goa,Goa
B-25653,Farah,Nagaland,Kohima
B-25654,Sabah,Maharashtra,Mumbai
B-25655,Nida,Madhya Pradesh,Indore
B-25656,Priyanka,Maharashtra,Pune
B-25657,Tulika,Madhya Pradesh,Bhopal
B-25658,Shefali,Rajasthan,Jaipur
B-25659,Sanskriti,West Bengal,Kolkata
B-25660,Shruti,Karnataka,Bangalore
B-25661,Subhashree,Jammu and Kashmir,Kashmir
B-25662,Sweta,Maharashtra,Mumbai
B-25663,Pournamasi,Madhya Pradesh,Indore
B-25664,Pratyusmita,Bihar,Patna
B-25665,Chayanika,Kerala ,Thiruvananthapuram
B-25666,Tanvi,Punjab,Chandigarh
B-25667,Anjali,Haryana,Chandigarh
B-25668,Rhea,Himachal Pradesh,Simla
B-25669,Piyali,Sikkim,Gangtok
B-25670,Charika,Goa,Goa
B-25671,Mitali,Nagaland,Kohima
B-25672,Akanksha,Andhra Pradesh,Hyderabad
B-25673,Arsheen,Gujarat,Ahmedabad
B-25674,Mahima,Maharashtra,Pune
B-25675,Shreya,Madhya Pradesh,Bhopal
B-25676,Chandni,Rajasthan,Jaipur
B-25677,Ekta,West Bengal,Kolkata
B-25678,Bathina,Karnataka,Bangalore
B-25679,Avni,Maharashtra,Mumbai
B-25680,Aayushi,Madhya Pradesh,Indore
B-25681,Bhawna,Madhya Pradesh,Indore
B-25682,Krutika,Bihar,Patna
B-25683,Shreya,Kerala ,Thiruvananthapuram
B-25684,Samiksha,Maharashtra,Mumbai
B-25685,Sheetal,Madhya Pradesh,Indore
B-25686,Pooja,Himachal Pradesh,Simla
B-25687,Sanjna,Maharashtra,Mumbai
B-25688,Swetha,Madhya Pradesh,Indore
B-25689,Bhaggyasree,Maharashtra,Mumbai
B-25690,Gunjan,Madhya Pradesh,Indore
B-25691,Akancha,Maharashtra,Mumbai
B-25692,Rashmi,Madhya Pradesh,Indore
B-25693,Parna,Madhya Pradesh,Bhopal
B-25694,Subhasmita,Rajasthan,Jaipur
B-25695,Suhani,West Bengal,Kolkata
B-25696,Noopur,Karnataka,Bangalore
B-25697,Vijay,Jammu and Kashmir,Kashmir
B-25698,Amisha,Tamil Nadu,Chennai
B-25699,Kritika,Uttar Pradesh,Lucknow
B-25700,Shubhi,Maharashtra,Mumbai
B-25701,Maithilee,Madhya Pradesh,Indore
B-25702,Shaily,Maharashtra,Mumbai
B-25703,Ekta,Madhya Pradesh,Indore
B-25704,Riya,Maharashtra,Mumbai
B-25705,Shweta,Madhya Pradesh,Indore
B-25706,Swetlana,Goa,Goa
B-25707,Shivani,Maharashtra,Mumbai
B-25708,Kishwar,Madhya Pradesh,Indore
B-25709,Aakanksha,Madhya Pradesh,Indore
B-25710,Megha,Maharashtra,Pune
B-25711,Sakshi,Madhya Pradesh,Bhopal
B-25712,Adhvaita,Rajasthan,Jaipur
B-25713,Raksha,West Bengal,Kolkata
B-25714,Stuti,Karnataka,Bangalore
B-25715,Srishti,Jammu and Kashmir,Kashmir
B-25716,Surabhi,Tamil Nadu,Chennai
B-25717,Manshul,Uttar Pradesh,Lucknow
B-25718,Anjali,Maharashtra,Mumbai
B-25719,Rashmi,Madhya Pradesh,Indore
B-25720,Namrata,Punjab,Chandigarh
B-25721,Anchal,Haryana,Chandigarh
B-25722,Inderpreet,Himachal Pradesh,Simla
B-25723,Wale,Maharashtra,Mumbai
B-25724,Sheetal,Madhya Pradesh,Indore
B-25725,Anisha,Nagaland,Kohima
B-25726,Kiran,Maharashtra,Mumbai
B-25727,Turumella,Madhya Pradesh,Indore
B-25728,Ameesha,Maharashtra,Pune
B-25729,Madhulika,Madhya Pradesh,Bhopal
B-25730,Rishabh,Rajasthan,Jaipur
B-25731,Akash,West Bengal,Kolkata
B-25732,Anubhaw,Karnataka,Bangalore
B-25733,Dhirajendu,Maharashtra,Mumbai
B-25734,Pranav,Madhya Pradesh,Indore
B-25735,Arindam,Uttar Pradesh,Lucknow
B-25736,Akshat,Maharashtra,Mumbai
B-25737,Shubham,Madhya Pradesh,Indore
B-25738,Ayush,Punjab,Chandigarh
B-25739,Daksh,Haryana,Chandigarh
B-25740,Rane,Maharashtra,Mumbai
B-25741,Navdeep,Madhya Pradesh,Indore
B-25742,Ashwin,Goa,Goa
B-25743,Aman,Nagaland,Kohima
B-25744,Devendra,Andhra Pradesh,Hyderabad
B-25745,Kartik,Gujarat,Ahmedabad
B-25746,Shivam,Maharashtra,Pune
B-25747,Harsh,Madhya Pradesh,Bhopal
B-25748,Nitant,Rajasthan,Jaipur
B-25749,Ayush,Maharashtra,Mumbai
B-25750,Priyanshu,Madhya Pradesh,Indore
B-25751,Nishant,Maharashtra,Mumbai
B-25752,Vaibhav,Madhya Pradesh,Indore
B-25753,Shivam,Uttar Pradesh,Lucknow
B-25754,Akshay,Bihar,Patna
B-25755,Shourya,Kerala ,Thiruvananthapuram
B-25756,Mohan,Maharashtra,Mumbai
B-25757,Mohit,Madhya Pradesh,Indore
B-25758,Shubham,Himachal Pradesh,Simla
B-25759,Soumya,Sikkim,Gangtok
B-25760,Pooja,Goa,Goa
B-25761,Surabhi,Maharashtra,Mumbai
B-25762,Anudeep,Madhya Pradesh,Indore
B-25763,Noshiba,Gujarat,Ahmedabad
B-25764,Sanjova,Maharashtra,Pune
B-25765,Meghana,Madhya Pradesh,Bhopal
B-25766,Surabhi,Rajasthan,Jaipur
B-25767,Ashmeet,West Bengal,Kolkata
B-25768,Shreyoshe,Karnataka,Bangalore
B-25769,Surbhi,Maharashtra,Mumbai
B-25770,Sakshi,Madhya Pradesh,Indore
B-25771,Vaibhavi,Uttar Pradesh,Lucknow
B-25772,Sanjana,Bihar,Patna
B-25773,Shreya,Kerala ,Thiruvananthapuram
B-25774,Snehal,Punjab,Chandigarh
B-25775,Duhita,Haryana,Chandigarh
B-25776,Mousam,Maharashtra,Mumbai
B-25777,Aditi,Madhya Pradesh,Indore
B-25778,Surabhi,Maharashtra,Mumbai
B-25779,Savi,Madhya Pradesh,Indore
B-25780,Teena,Andhra Pradesh,Hyderabad
B-25781,Rutuja,Gujarat,Ahmedabad
B-25782,Aayushi,Maharashtra,Mumbai
B-25783,Shivangi,Madhya Pradesh,Indore
B-25784,Rohit,Rajasthan,Jaipur
B-25785,Ayush,West Bengal,Kolkata
B-25786,Abhishek,Karnataka,Bangalore
B-25787,Asish,Jammu and Kashmir,Kashmir
B-25788,Dinesh,Tamil Nadu,Chennai
B-25789,Akshay,Uttar Pradesh,Lucknow
B-25790,Sajal,Bihar,Patna
B-25791,Avish,Kerala ,Thiruvananthapuram
B-25792,Abhishek,Maharashtra,Mumbai
B-25793,Siddharth,Madhya Pradesh,Indore
B-25794,Aditya,Himachal Pradesh,Simla
B-25795,Sukant,Sikkim,Gangtok
B-25796,Sukrith,Maharashtra,Mumbai
B-25797,Sauptik,Madhya Pradesh,Indore
B-25798,Shishu,Andhra Pradesh,Hyderabad
B-25799,Divyansh,Gujarat,Ahmedabad
B-25800,Ishit,Maharashtra,Pune
B-25801,Aryan,Madhya Pradesh,Bhopal
B-25802,Yash,Maharashtra,Mumbai
B-25803,Shivanshu,Madhya Pradesh,Indore
B-25804,Sudheer,Karnataka,Bangalore
B-25805,Ankit,Maharashtra,Mumbai
B-25806,Dhanraj,Madhya Pradesh,Indore
B-25807,Vipul,Uttar Pradesh,Lucknow
B-25808,Apsingekar,Bihar,Patna
B-25809,Suman,Kerala ,Thiruvananthapuram
B-25810,Nripraj,Punjab,Chandigarh
B-25811,Utsav,Maharashtra,Mumbai
B-25812,Kshitij,Madhya Pradesh,Indore
B-25813,Hrisheekesh,Maharashtra,Mumbai
B-25814,Swapnil,Madhya Pradesh,Indore
B-25815,Harsh,Nagaland,Kohima
B-25816,Mane,Andhra Pradesh,Hyderabad
B-25817,Praneet,Maharashtra,Mumbai
B-25818,Sandeep,Madhya Pradesh,Indore
B-25819,Ankur,Madhya Pradesh,Bhopal
B-25820,Dheeraj,Rajasthan,Jaipur
B-25821,Ajay,West Bengal,Kolkata
B-25822,Tejas,Karnataka,Bangalore
B-25823,Rohan,Maharashtra,Mumbai
B-25824,Shyam,Madhya Pradesh,Indore
B-25825,Kartik,Madhya Pradesh,Indore
B-25826,Tanushree,Maharashtra,Mumbai
B-25827,Sheetal,Madhya Pradesh,Indore
B-25828,Nikita,Punjab,Chandigarh
B-25829,Apoorva,Haryana,Chandigarh
B-25830,Aastha,Himachal Pradesh,Simla
B-25831,Mahima,Sikkim,Gangtok
B-25832,Harshita,Maharashtra,Mumbai
B-25833,Krishna,Madhya Pradesh,Indore
B-25834,Ananya,Andhra Pradesh,Hyderabad
B-25835,Moumita,Gujarat,Ahmedabad
B-25836,Arti,Maharashtra,Pune
B-25837,Palak,Maharashtra,Mumbai
B-25838,Sanjana,Madhya Pradesh,Indore
B-25839,Pranjali,West Bengal,Kolkata
B-25840,Sneha,Karnataka,Bangalore
B-25841,Ashvini,Maharashtra,Mumbai
B-25842,Sheetal,Madhya Pradesh,Indore
B-25843,Mrunal,Maharashtra,Mumbai
B-25844,Swati,Madhya Pradesh,Indore
B-25845,Snel,Kerala ,Thiruvananthapuram
B-25846,Soodesh,Punjab,Chandigarh
B-25847,Aniket,Haryana,Chandigarh
B-25848,Rohan,Himachal Pradesh,Simla
B-25849,K,Sikkim,Gangtok
B-25850,Abhishek,Goa,Goa
B-25851,Kushal,Nagaland,Kohima
B-25852,Soumyabrata,Andhra Pradesh,Hyderabad
B-25853,Gaurav,Gujarat,Ahmedabad
B-25854,Shubham,Maharashtra,Pune
B-25855,Abhijeet,Madhya Pradesh,Bhopal
B-25856,Abhijeet,Maharashtra,Mumbai
B-25857,Anand,Madhya Pradesh,Indore
B-25858,Swapnil,Maharashtra,Mumbai
B-25859,Chikku,Madhya Pradesh,Indore
B-25860,Akshay,Tamil Nadu,Chennai
B-25861,Aayush,Uttar Pradesh,Lucknow
B-25862,Amol,Bihar,Patna
B-25863,Manibalan,Kerala ,Thiruvananthapuram
B-25864,Aromal,Maharashtra,Mumbai
B-25865,Arun,Madhya Pradesh,Indore
B-25866,Komal,Himachal Pradesh,Simla
B-25867,Ankit,Sikkim,Gangtok
B-25868,Vikash,Goa,Goa
B-25869,Parakh,Nagaland,Kohima
B-25870,Pranav,Andhra Pradesh,Hyderabad
B-25871,Gunjal,Gujarat,Surat
B-25872,Saurabh,Maharashtra,Mumbai
B-25873,Divyeta,Madhya Pradesh,Indore
B-25874,Megha,Rajasthan,Udaipur
B-25875,Divyeshkumar,Uttar Pradesh,Allahabad
B-25876,Bhosale,Punjab,Amritsar
B-25877,Dashyam,Gujarat,Surat
B-25878,Mrinal,Maharashtra,Mumbai
B-25879,Siddharth,Madhya Pradesh,Indore
B-25880,Apoorv,Rajasthan,Udaipur
B-25881,Pooja,Uttar Pradesh,Allahabad
B-25882,Masurkar,Punjab,Amritsar
B-25883,Saptadeep,Gujarat,Surat
B-25884,Sumeet,Maharashtra,Mumbai
B-25885,Shatayu,Madhya Pradesh,Indore
B-25886,Brijesh,Rajasthan,Udaipur
B-25887,Vedant,Uttar Pradesh,Allahabad
B-25888,Rohan,Punjab,Amritsar
B-25889,Abhishek,Gujarat,Surat
B-25890,Divyansha,Maharashtra,Mumbai
B-25891,Shivani,Madhya Pradesh,Indore
B-25892,Aditi,Rajasthan,Udaipur
B-25893,Aashna,Uttar Pradesh,Allahabad
B-25894,Monu,Punjab,Amritsar
B-25895,Sathya,Gujarat,Surat
B-25896,Aman,Maharashtra,Mumbai
B-25897,Rohan,Madhya Pradesh,Indore
B-25898,Abhishek,Rajasthan,Udaipur
B-25899,Aishwarya,Uttar Pradesh,Allahabad
B-25900,Anand,Punjab,Amritsar
B-25901,Suraj,Gujarat,Surat
B-25902,Ishpreet,Maharashtra,Mumbai
B-25903,Amlan,Madhya Pradesh,Indore
B-25904,Swapnil,Delhi,Delhi
B-25905,Bhargav,Madhya Pradesh,Delhi
B-25906,Abhijit,Delhi,Delhi
B-25907,Jaydeep,Madhya Pradesh,Bhopal
B-25908,Pradeep,Delhi,Delhi
B-25909,Sujay,Madhya Pradesh,Delhi
B-25910,Jay,Delhi,Delhi
B-25911,Phalguni,Madhya Pradesh,Bhopal
B-25912,Preksha,Delhi,Delhi
B-25913,Geetanjali,Madhya Pradesh,Delhi
B-25914,Kajal,Delhi,Delhi
B-25915,Sukruta,Punjab,Amritsar
B-25916,Utkarsh,Gujarat,Surat
B-25917,Sanjay,Maharashtra,Mumbai
B-25918,Karandeep,Madhya Pradesh,Indore
B-25919,Neha,Rajasthan,Udaipur
B-25920,Jayanti,Uttar Pradesh,Allahabad
B-25921,Sandra,Punjab,Amritsar
B-25922,Akshata,Gujarat,Surat
B-25923,Vishakha,Maharashtra,Mumbai
B-25924,Prajakta,Karnataka,Bangalore
B-25925,Shruti,Maharashtra,Mumbai
B-25926,Dipali,Madhya Pradesh,Indore
B-25927,Shreya,Uttar Pradesh,Lucknow
B-25928,Smriti,Bihar,Patna
B-25929,Girase,Kerala ,Thiruvananthapuram
B-25930,Monica,Punjab,Chandigarh
B-25931,Sidharth,Maharashtra,Mumbai
B-25932,Bhutekar,Madhya Pradesh,Indore
B-25933,Shikhar,Maharashtra,Mumbai
B-25934,Rahul,Madhya Pradesh,Indore
B-25935,Sudhir,Nagaland,Kohima
B-25936,Nikhil,Punjab,Chandigarh
B-25937,Ankit,Haryana,Chandigarh
B-25938,Shikhar,Himachal Pradesh,Simla
B-25939,Vineet,Sikkim,Gangtok
B-25940,Vivek,Goa,Goa
B-25941,Jaideep,Nagaland,Kohima
B-25942,Ankur,Andhra Pradesh,Hyderabad
B-25943,Shardul,Gujarat,Ahmedabad
B-25944,Syed,Maharashtra,Pune
B-25945,Mhatre,Madhya Pradesh,Indore
B-25946,Saurabh,Andhra Pradesh,Hyderabad
B-25947,Chetan,Gujarat,Ahmedabad
B-25948,Mukund,Maharashtra,Pune
B-25949,Shantanu,Maharashtra,Mumbai
B-25950,Shruti,Madhya Pradesh,Indore
B-25951,Jesal,West Bengal,Kolkata
B-25952,Priyanka,Madhya Pradesh,Indore
B-25953,Krutika,Andhra Pradesh,Hyderabad
B-25954,Trupti,Gujarat,Ahmedabad
B-25955,Soumya,Maharashtra,Pune
B-25956,Shreya,Maharashtra,Mumbai
B-25957,Mahima,Madhya Pradesh,Indore
B-25958,Aparajita,West Bengal,Kolkata
B-25959,Muskan,Madhya Pradesh,Indore
B-25960,Shreya,Andhra Pradesh,Hyderabad
B-25961,Surbhi,Gujarat,Ahmedabad
B-25962,Tejeswini,Maharashtra,Pune
B-25963,Pratiksha,Maharashtra,Mumbai
B-25964,Oshin,Madhya Pradesh,Indore
B-25965,Saloni,West Bengal,Kolkata
B-25966,Soumya,Rajasthan,Udaipur
B-25967,Komal,Uttar Pradesh,Allahabad
B-25968,Paromita,Punjab,Amritsar
B-25969,Shreyshi,Gujarat,Surat
B-25970,Rhea,Maharashtra,Mumbai
B-25971,Mitali,Madhya Pradesh,Indore
B-25972,Jesslyn,Rajasthan,Udaipur
B-25973,Seema,Uttar Pradesh,Allahabad
B-25974,Manisha,Rajasthan,Udaipur
B-25975,Priyanka,Uttar Pradesh,Allahabad
B-25976,Piyam,Punjab,Amritsar
B-25977,Aayushi,Gujarat,Surat
B-25978,Parin,Maharashtra,Mumbai
B-25979,Shivangi,Madhya Pradesh,Indore
B-25980,Shweta,Rajasthan,Udaipur
B-25981,Amruta,Delhi,Delhi
B-25982,Hemangi,Delhi,Delhi
B-25983,Atul,Delhi,Delhi
B-25984,Kajal,Delhi,Delhi
B-25985,Ginny,Madhya Pradesh,Indore
B-25986,Shweta,Rajasthan,Udaipur
B-25987,Manjiri,Delhi,Delhi
B-25988,Nirja,Delhi,Delhi
B-25989,Anjali,Delhi,Delhi
B-25990,Mugdha,Delhi,Delhi
B-25991,Mansi,Madhya Pradesh,Indore
B-25992,Gaurav,Rajasthan,Udaipur
B-25993,Harshal,Delhi,Delhi
B-25994,Omkar,Delhi,Delhi
B-25995,Yohann,Delhi,Delhi
B-25996,Prashant,Delhi,Delhi
B-25997,Yogesh,Madhya Pradesh,Indore
B-25998,Anmol,Rajasthan,Udaipur
B-25999,Diwakar,Delhi,Delhi
B-26000,Shubham,Delhi,Delhi
B-26001,Patil,Delhi,Delhi
B-26002,Harsh,Delhi,Delhi
B-26003,Hitesh,Madhya Pradesh,Bhopal
B-26004,Nandita,Rajasthan,Jaipur
B-26005,Parnavi,West Bengal,Kolkata
B-26006,Arpita,Karnataka,Bangalore
B-26007,Shubham,Jammu and Kashmir,Kashmir
B-26008,Kalyani,Tamil Nadu,Chennai
B-26009,Komal,Uttar Pradesh,Lucknow
B-26010,Kartikay,Bihar,Patna
B-26011,Bharat,Gujarat,Ahmedabad
B-26012,Pearl,Maharashtra,Pune
B-26013,Jahan,Madhya Pradesh,Bhopal
B-26014,Divsha,Rajasthan,Jaipur
B-26015,Kasheen,West Bengal,Kolkata
B-26016,Hazel,Karnataka,Bangalore
B-26017,Sonakshi,Jammu and Kashmir,Kashmir
B-26018,Aarushi,Tamil Nadu,Chennai
B-26019,Jitesh,Uttar Pradesh,Lucknow
B-26020,Yogesh,Bihar,Patna
B-26021,Anita,Kerala ,Thiruvananthapuram
B-26022,Shrichand,Punjab,Chandigarh
B-26023,Mukesh,Haryana,Chandigarh
B-26024,Vandana,Himachal Pradesh,Simla
B-26025,Bhavna,Sikkim,Gangtok
B-26026,Kanak,Goa,Goa
B-26027,Sagar,Nagaland,Kohima
B-26028,Manju,Andhra Pradesh,Hyderabad
B-26029,Ramesh,Gujarat,Ahmedabad
B-26030,Sarita,Maharashtra,Pune
B-26031,Deepak,Madhya Pradesh,Bhopal
B-26032,Monisha,Rajasthan,Jaipur
B-26033,Atharv,West Bengal,Kolkata
B-26034,Vini,Karnataka,Bangalore
B-26035,Pinky,Jammu and Kashmir,Kashmir
B-26036,Bhishm,Maharashtra,Mumbai
B-26037,Hitika,Madhya Pradesh,Indore
B-26038,Pooja,Bihar,Patna
B-26039,Hemant,Kerala ,Thiruvananthapuram
B-26040,Sahil,Punjab,Chandigarh
B-26041,Ritu,Haryana,Chandigarh
B-26042,Manish,Himachal Pradesh,Simla
B-26043,Amit,Sikkim,Gangtok
B-26044,Sanjay,Goa,Goa
B-26045,Nidhi,Nagaland,Kohima
B-26046,Nishi,Maharashtra,Mumbai
B-26047,Ashmi,Madhya Pradesh,Indore
B-26048,Parth,Maharashtra,Pune
B-26049,Lisha,Madhya Pradesh,Bhopal
B-26050,Paridhi,Rajasthan,Jaipur
B-26051,Parishi,West Bengal,Kolkata
B-26052,Ajay,Karnataka,Bangalore
B-26053,Kirti,Jammu and Kashmir,Kashmir
B-26054,Mayank,Maharashtra,Mumbai
B-26055,Yaanvi,Madhya Pradesh,Indore
B-26056,Sonal,Bihar,Patna
B-26057,Sharda,Kerala ,Thiruvananthapuram
B-26058,Aditya,Punjab,Chandigarh
B-26059,Rachna,Haryana,Chandigarh
B-26060,Chirag,Maharashtra,Mumbai
B-26061,Anurag,Madhya Pradesh,Indore
B-26062,Tushina,Goa,Goa
B-26063,Farah,Nagaland,Kohima
B-26064,Ankita,Maharashtra,Mumbai
B-26065,Nida,Madhya Pradesh,Indore
B-26066,Priyanka,Maharashtra,Pune
B-26067,Tulika,Madhya Pradesh,Bhopal
B-26068,Shefali,Rajasthan,Jaipur
B-26069,Sanskriti,West Bengal,Kolkata
B-26070,Shruti,Karnataka,Bangalore
B-26071,Subhashree,Jammu and Kashmir,Kashmir
B-26072,Sweta,Maharashtra,Mumbai
B-26073,Pournamasi,Madhya Pradesh,Indore
B-26074,Bharat,Gujarat,Ahmedabad
B-26075,Pearl,Maharashtra,Pune
B-26076,Jahan,Madhya Pradesh,Bhopal
B-26077,Divsha,Rajasthan,Jaipur
B-26078,Kasheen,West Bengal,Kolkata
B-26079,Hazel,Karnataka,Bangalore
B-26080,Sonakshi,Jammu and Kashmir,Kashmir
B-26081,Aarushi,Tamil Nadu,Chennai
B-26082,Jitesh,Uttar Pradesh,Lucknow
B-26083,Yogesh,Bihar,Patna
B-26084,Anita,Kerala ,Thiruvananthapuram
B-26085,Shrichand,Punjab,Chandigarh
B-26086,Mukesh,Haryana,Chandigarh
B-26087,Vandana,Himachal Pradesh,Simla
B-26088,Bhavna,Sikkim,Gangtok
B-26089,Kanak,Goa,Goa
B-26090,Sagar,Nagaland,Kohima
B-26091,Manju,Andhra Pradesh,Hyderabad
B-26092,Ramesh,Gujarat,Ahmedabad
B-26093,Sarita,Maharashtra,Pune
B-26094,Deepak,Madhya Pradesh,Bhopal
B-26095,Monisha,Rajasthan,Jaipur
B-26096,Atharv,West Bengal,Kolkata
B-26097,Vini,Karnataka,Bangalore
B-26098,Pinky,Jammu and Kashmir,Kashmir
B-26099,Bhishm,Maharashtra,Mumbai
B-26100,Hitika,Madhya Pradesh,Indore
